{
  "timestamp": 1780292757.4255838,
  "layer_z": 3.2,
  "current_z": 3.2,
  "file_path": "/home/pii/printer_data/gcodes/3D-printable_sand_play_set_Small_Showel_By_CT3D.xyz__0.2mm_PLA_Generic ToolChanger Printer_46m30s.gcode",
  "file_position": 1310349,
  "file_name": "3D-printable_sand_play_set_Small_Showel_By_CT3D.xyz__0.2mm_PLA_Generic ToolChanger Printer_46m30s.gcode",
  "gcode_position": [
    168.971,
    172.82,
    3.2,
    1331.3238699999902
  ],
  "base_position": [
    0.0,
    0.0,
    0.0,
    1298.3862299999887
  ],
  "homing_position": [
    0.0,
    0.0,
    0.0,
    0.0
  ],
  "speed": 108.0,
  "speed_factor": 1.0,
  "extrude_factor": 1.0,
  "absolute_coord": true,
  "absolute_extrude": false,
  "toolhead_position": [
    168.971,
    172.82,
    3.198395033143688,
    1331.3238699999902
  ],
  "active_extruder": "extruder",
  "current_lane": "lane0",
  "extruder_temps": {
    "heater_bed": 55.0,
    "extruder": 220.0,
    "extruder1": 0.0,
    "extruder2": 0.0,
    "extruder3": 0.0,
    "extruder4": 0.0,
    "extruder5": 0.0
  },
  "pressure_advance": {
    "extruder": 0.021431,
    "extruder1": 0.032,
    "extruder2": 0.032,
    "extruder3": 0.032,
    "extruder4": 0.032,
    "extruder5": 0.032
  },
  "bed_temp": 55.0,
  "bed_mesh_profile": "adaptive-7FFEC3526750",
  "bed_mesh_points": [
    [
      -0.02877,
      -0.019576,
      -0.016152,
      -0.010172,
      0.005317,
      0.011003,
      0.006879,
      0.014068,
      0.018691,
      0.017562,
      0.016078,
      0.017564,
      0.01601,
      0.014086,
      0.020097,
      0.012675,
      0.011397,
      0.011625,
      0.005024,
      -0.003266,
      -0.013322,
      -0.007858
    ],
    [
      -0.026355,
      -0.023244,
      -0.023293,
      -0.012326,
      0.003328,
      0.004848,
      0.000109,
      0.004293,
      0.003153,
      0.010607,
      0.004742,
      0.006547,
      0.010996,
      0.010953,
      0.013562,
      0.006156,
      0.00794,
      0.004456,
      -0.007513,
      -0.015532,
      -0.031886,
      -0.019927
    ],
    [
      -0.030412,
      -0.032285,
      -0.016988,
      -0.020461,
      0.001057,
      -0.000155,
      0.004423,
      0.004055,
      0.004388,
      0.01032,
      0.00745,
      0.005277,
      0.004473,
      0.005403,
      0.00236,
      -0.001951,
      0.00096,
      -0.004862,
      -0.013938,
      -0.020378,
      -0.041518,
      -0.029973
    ],
    [
      -0.039147,
      -0.035943,
      -0.029474,
      -0.01165,
      -0.006772,
      0.000806,
      0.001285,
      -0.007074,
      -0.009958,
      0.000966,
      -0.00347,
      -0.00197,
      -0.003394,
      -0.0037,
      -0.007876,
      -0.009308,
      -0.006217,
      -0.014514,
      -0.026958,
      -0.034114,
      -0.054804,
      -0.03907
    ],
    [
      -0.045501,
      -0.044019,
      -0.0395,
      -0.017004,
      0.002888,
      -0.003586,
      -0.003861,
      0.000586,
      0.00146,
      0.000966,
      -0.002307,
      -0.000875,
      -0.005419,
      -0.006509,
      -0.011441,
      -0.013146,
      -0.009341,
      -0.016021,
      -0.030027,
      -0.039549,
      -0.055343,
      -0.042747
    ],
    [
      -0.050376,
      -0.056555,
      -0.032003,
      -0.021179,
      -0.002468,
      -0.016517,
      -0.010542,
      0.003298,
      -0.005208,
      -0.013422,
      -0.011529,
      -0.00955,
      -0.011617,
      -0.011849,
      -0.014147,
      -0.012915,
      -0.018999,
      -0.028786,
      -0.041173,
      -0.048711,
      -0.064551,
      -0.044022
    ],
    [
      -0.053268,
      -0.055146,
      -0.041444,
      -0.024638,
      -5.3e-05,
      0.001035,
      -0.003923,
      0.003606,
      0.007005,
      -0.016699,
      -0.007515,
      -0.007135,
      -0.010459,
      -0.008733,
      -0.013637,
      -0.018056,
      -0.0181,
      -0.025916,
      -0.039966,
      -0.047634,
      -0.05545,
      -0.043189
    ],
    [
      -0.049739,
      -0.055026,
      -0.041432,
      -0.020923,
      -0.006618,
      -0.007213,
      -0.014818,
      -0.008909,
      0.004301,
      -0.023286,
      -0.011975,
      -0.006856,
      -0.011424,
      -0.007704,
      -0.017632,
      -0.016412,
      -0.024431,
      -0.030652,
      -0.044508,
      -0.05716,
      -0.063144,
      -0.03841
    ],
    [
      -0.049366,
      -0.049367,
      -0.041908,
      -0.018487,
      -0.013758,
      -0.006285,
      -0.015061,
      0.001528,
      8e-06,
      -0.009372,
      -0.018868,
      -0.012539,
      -0.012439,
      -0.009334,
      -0.021845,
      -0.01563,
      -0.029255,
      -0.032605,
      -0.04805,
      -0.053142,
      -0.05607,
      -0.037257
    ],
    [
      -0.043565,
      -0.051493,
      -0.037413,
      -0.016409,
      -0.015685,
      -0.007376,
      -0.006158,
      -0.015348,
      -0.006668,
      -0.001751,
      0.002645,
      -0.00443,
      -0.005001,
      -0.004877,
      -0.01146,
      -0.013791,
      -0.033864,
      -0.037102,
      -0.052135,
      -0.058895,
      -0.062105,
      -0.033835
    ],
    [
      -0.04208,
      -0.043543,
      -0.035698,
      -0.014035,
      -0.008046,
      -0.00798,
      -0.005069,
      0.000655,
      -0.00492,
      -0.002857,
      -0.005642,
      -0.006204,
      -0.008398,
      -0.004778,
      -0.009389,
      -0.014134,
      -0.038812,
      -0.037672,
      -0.04979,
      -0.051133,
      -0.049679,
      -0.028796
    ],
    [
      -0.038083,
      -0.046759,
      -0.029327,
      -0.014189,
      -0.011469,
      -0.0083,
      -0.002187,
      0.008142,
      -0.001806,
      -0.000776,
      -0.002272,
      0.005593,
      -0.002392,
      -0.008275,
      -0.017545,
      -0.023518,
      -0.045484,
      -0.0427,
      -0.049938,
      -0.050204,
      -0.056313,
      -0.025136
    ],
    [
      -0.038282,
      -0.043819,
      -0.033297,
      -0.012522,
      -0.008158,
      -0.008275,
      -0.008787,
      -0.001086,
      -0.002378,
      -0.012544,
      0.000805,
      -0.004172,
      -0.002419,
      -0.023707,
      -0.018326,
      -0.020574,
      -0.041339,
      -0.047319,
      -0.044592,
      -0.040999,
      -0.044441,
      -0.02696
    ],
    [
      -0.039533,
      -0.047526,
      -0.036796,
      -0.019921,
      -0.011426,
      -0.013108,
      -0.005561,
      -0.004404,
      -0.007082,
      0.003793,
      0.00475,
      -0.002668,
      -0.011621,
      -0.011848,
      -0.016513,
      -0.029958,
      -0.053639,
      -0.053724,
      -0.048908,
      -0.048913,
      -0.052388,
      -0.022228
    ],
    [
      -0.042401,
      -0.047459,
      -0.03312,
      -0.018076,
      -0.013181,
      -0.019648,
      -0.010029,
      -0.00849,
      -0.01956,
      -0.005625,
      -0.008737,
      -0.013031,
      -0.027786,
      -0.025684,
      -0.019743,
      -0.034976,
      -0.056746,
      -0.050953,
      -0.046261,
      -0.043106,
      -0.045558,
      -0.0258
    ],
    [
      -0.044513,
      -0.054133,
      -0.039555,
      -0.024432,
      -0.013031,
      -0.016438,
      -0.016664,
      -0.013976,
      -0.013268,
      -0.003686,
      -0.004412,
      -0.013699,
      -0.022704,
      -0.029053,
      -0.031021,
      -0.047598,
      -0.056641,
      -0.062898,
      -0.053443,
      -0.053846,
      -0.055354,
      -0.029145
    ],
    [
      -0.049363,
      -0.049653,
      -0.03841,
      -0.025164,
      -0.029739,
      -0.024576,
      -0.0263,
      -0.026339,
      -0.026538,
      -0.015891,
      -0.018659,
      -0.022826,
      -0.032223,
      -0.041965,
      -0.040104,
      -0.055813,
      -0.069846,
      -0.067015,
      -0.055563,
      -0.04665,
      -0.051298,
      -0.033384
    ],
    [
      -0.048659,
      -0.054852,
      -0.042244,
      -0.035692,
      -0.032473,
      -0.027819,
      -0.033836,
      -0.023178,
      -0.017476,
      -0.010786,
      -0.021914,
      -0.032525,
