{
  "timestamp": 1780710524.704999,
  "layer_z": 1.2,
  "current_z": 1.2,
  "file_path": "/home/pii/printer_data/gcodes/5-color-test-coin-wafflecart_0.2mm_PLA_Generic ToolChanger Printer_9m34s.gcode",
  "file_position": 452385,
  "file_name": "5-color-test-coin-wafflecart_0.2mm_PLA_Generic ToolChanger Printer_9m34s.gcode",
  "gcode_position": [
    224.75,
    258.75,
    1.2,
    235.67392999999961
  ],
  "base_position": [
    0.0,
    0.0,
    0.0,
    204.9454999999999
  ],
  "homing_position": [
    0.0,
    0.0,
    0.0,
    0.0
  ],
  "speed": 79.58333333333333,
  "speed_factor": 1.0,
  "extrude_factor": 1.0,
  "absolute_coord": true,
  "absolute_extrude": false,
  "toolhead_position": [
    225.951,
    257.342,
    1.1793555018,
    235.67392999999961
  ],
  "active_extruder": "extruder1",
  "current_lane": "lane1",
  "extruder_temps": {
    "heater_bed": 55.0,
    "extruder": 165.0,
    "extruder1": 205.0,
    "extruder2": 205.0,
    "extruder3": 205.0,
    "extruder4": 165.0,
    "extruder5": 0.0
  },
  "pressure_advance": {
    "extruder": 0.0,
    "extruder1": 0.02,
    "extruder2": 0.0,
    "extruder3": 0.0,
    "extruder4": 0.0,
    "extruder5": 0.032
  },
  "bed_temp": 55.0,
  "bed_mesh_profile": "plr_recovery",
  "bed_mesh_points": [
    [
      -0.037687,
      -0.034421,
      -0.02358,
      -0.011374,
      -0.010844,
      -0.007608,
      -0.007158,
      -0.008056,
      -0.010619,
      -0.011729,
      -0.017691,
      -0.022204,
      -0.032202,
      -0.0495
    ],
    [
      -0.035259,
      -0.026553,
      -0.024524,
      -0.01485,
      -0.016174,
      -0.007898,
      -0.007715,
      -0.00379,
      -0.006289,
      -0.006866,
      -0.018384,
      -0.025021,
      -0.036187,
      -0.047463
    ],
    [
      -0.024563,
      -0.017794,
      -0.018478,
      -0.010033,
      -0.004819,
      -0.009132,
      -0.005145,
      0.006849,
      0.002862,
      -0.001068,
      -0.012828,
      -0.017133,
      -0.033882,
      -0.04707
    ],
    [
      -0.026462,
      -0.022919,
      -0.020795,
      -0.012326,
      -0.008806,
      -0.011058,
      -0.009767,
      -0.005441,
      -0.00579,
      -0.015761,
      -0.013301,
      -0.023625,
      -0.040631,
      -0.046306
    ],
    [
      -0.027688,
      -0.002745,
      -0.017964,
      -0.017502,
      -0.007056,
      0.000726,
      -0.003575,
      -0.007689,
      -0.005513,
      -0.01138,
      -0.012388,
      -0.015055,
      -0.030878,
      -0.046881
    ],
    [
      -0.016704,
      -0.008107,
      -0.010371,
      -0.015147,
      -0.004171,
      -0.000903,
      0.000536,
      -0.009863,
      -0.008543,
      -0.007963,
      -0.011757,
      -0.016883,
      -0.034962,
      -0.042227
    ],
    [
      -0.013864,
      0.000627,
      -0.00571,
      -0.009194,
      0.004612,
      0.00068,
      0.004201,
      -0.004365,
      -0.006902,
      -0.012106,
      -0.009459,
      -0.013418,
      -0.017888,
      -0.043552
    ],
    [
      -0.003541,
      -0.006511,
      -0.003601,
      -0.004357,
      0.004989,
      0.001008,
      0.000713,
      -0.000713,
      -0.00241,
      -0.008234,
      -0.005342,
      -0.009614,
      -0.026758,
      -0.039283
    ],
    [
      -0.006092,
      -0.000831,
      -0.003378,
      -0.003704,
      0.003084,
      -0.004331,
      0.000956,
      0.00571,
      -0.006744,
      -0.014822,
      -0.012225,
      -0.009754,
      -0.030851,
      -0.037617
    ],
    [
      -0.005132,
      -0.012796,
      -0.009203,
      -0.010037,
      -0.004895,
      0.003646,
      0.001008,
      0.002205,
      -0.00777,
      -0.003299,
      -0.012165,
      -0.019009,
      -0.037555,
      -0.047515
    ],
    [
      -0.018814,
      -0.024759,
      -0.023751,
      -0.013351,
      -0.011078,
      -0.003062,
      -0.004955,
      -0.004173,
      -0.009531,
      -0.019082,
      -0.023541,
      -0.026713,
      -0.042298,
      -0.047471
    ],
    [
      -0.021195,
      -0.031709,
      -0.026685,
      -0.020775,
      -0.012872,
      -0.017898,
      -0.013367,
      -0.013384,
      -0.017776,
      -0.024786,
      -0.031574,
      -0.033641,
      -0.055791,
      -0.061386
    ],
    [
      -0.037656,
      -0.039965,
      -0.034636,
      -0.037286,
      -0.018846,
      -0.026341,
      -0.017939,
      -0.018391,
      -0.02885,
      -0.032548,
      -0.032383,
      -0.037787,
      -0.063847,
      -0.058659
    ],
    [
      -0.045973,
      -0.036918,
      -0.040611,
      -0.042932,
      -0.028022,
      -0.031378,
      -0.024204,
      -0.040689,
      -0.032273,
      -0.038284,
      -0.036032,
      -0.052028,
      -0.075965,
      -0.079883
    ],
    [
      -0.070915,
      -0.039718,
      -0.055031,
      -0.045115,
      -0.047345,
      -0.035837,
      -0.040579,
      -0.044579,
      -0.044808,
      -0.051034,
      -0.043526,
      -0.049479,
      -0.066561,
      -0.081284
    ]
  ],
  "bed_mesh_params": {
    "min_x": 110.0,
    "min_y": 110.0,
    "max_x": 240.0,
    "max_y": 240.0,
    "x_count": 14,
    "y_count": 15,
    "mesh_x_pps": 0,
    "mesh_y_pps": 0,
    "algo": "bicubic",
    "tension": 0.2
  },
  "fan_speeds": {}
}