{
  "timestamp": 1780286014.8270805,
  "layer_z": 0.6,
  "current_z": 0.6,
  "file_path": "/home/pii/printer_data/gcodes/3D-printable_sand_play_set_Small_Showel_By_CT3D.xyz__0.2mm_PLA_Generic ToolChanger Printer_46m30s.gcode",
  "file_position": 315293,
  "file_name": "3D-printable_sand_play_set_Small_Showel_By_CT3D.xyz__0.2mm_PLA_Generic ToolChanger Printer_46m30s.gcode",
  "gcode_position": [
    132.719,
    213.0,
    0.6,
    641.6636299999948
  ],
  "base_position": [
    0.0,
    0.0,
    0.0,
    525.0923299999928
  ],
  "homing_position": [
    0.0,
    0.0,
    0.0,
    0.0
  ],
  "speed": 154.18718333333334,
  "speed_factor": 1.0,
  "extrude_factor": 1.0,
  "absolute_coord": true,
  "absolute_extrude": false,
  "toolhead_position": [
    132.719,
    213.0,
    0.5731173006065318,
    641.6636299999948
  ],
  "active_extruder": "extruder",
  "current_lane": "lane0",
  "extruder_temps": {
    "heater_bed": 55.0,
    "extruder": 220.0,
    "extruder1": 0.0,
    "extruder2": 0.0,
    "extruder3": 147.0,
    "extruder4": 0.0,
    "extruder5": 0.0
  },
  "pressure_advance": {
    "extruder": 0.021431,
    "extruder1": 0.032,
    "extruder2": 0.032,
    "extruder3": 0.024752,
    "extruder4": 0.032,
    "extruder5": 0.032
  },
  "bed_temp": 55.0,
  "bed_mesh_profile": "adaptive-7FFF5C448290",
  "bed_mesh_points": [
    [
      -0.14608,
      -0.123415,
      -0.105862,
      -0.08701,
      -0.067905,
      -0.051189,
      -0.046658,
      -0.032449,
      -0.025808,
      -0.01892,
      -0.021482,
      -0.018393,
      -0.023177,
      -0.02443,
      -0.022862,
      -0.032569,
      -0.041837,
      -0.050508,
      -0.065278,
      -0.085882,
      -0.107755,
      -0.117234
    ],
    [
      -0.13358,
      -0.112213,
      -0.101064,
      -0.085395,
      -0.054567,
      -0.049093,
      -0.043469,
      -0.034005,
      -0.033948,
      -0.023174,
      -0.02477,
      -0.024076,
      -0.024877,
      -0.025403,
      -0.026842,
      -0.035618,
      -0.043095,
      -0.05576,
      -0.071246,
      -0.089999,
      -0.119044,
      -0.121454
    ],
    [
      -0.130174,
      -0.123129,
      -0.094557,
      -0.083547,
      -0.05096,
      -0.054083,
      -0.034251,
      -0.032912,
      -0.025622,
      -0.014222,
      -0.016677,
      -0.019423,
      -0.023326,
      -0.021464,
      -0.032019,
      -0.036627,
      -0.043292,
      -0.056821,
      -0.071573,
      -0.090386,
      -0.117291,
      -0.123877
    ],
    [
      -0.127154,
      -0.113813,
      -0.095977,
      -0.066987,
      -0.049687,
      -0.03367,
      -0.030863,
      -0.033487,
      -0.034504,
      -0.021581,
      -0.021856,
      -0.026405,
      -0.023088,
      -0.02651,
      -0.03529,
      -0.040201,
      -0.04345,
      -0.060593,
      -0.081035,
      -0.09836,
      -0.12554,
      -0.12741
    ],
    [
      -0.128009,
      -0.115702,
      -0.095,
      -0.066829,
      -0.034987,
      -0.038464,
      -0.028752,
      -0.027545,
      -0.018485,
      -0.015443,
      -0.017291,
      -0.01904,
      -0.018178,
      -0.024302,
      -0.030495,
      -0.036899,
      -0.044513,
      -0.05608,
      -0.07429,
      -0.096378,
      -0.11905,
      -0.123378
    ],
    [
      -0.123309,
      -0.11435,
      -0.083892,
      -0.062705,
      -0.030375,
      -0.042416,
      -0.030949,
      -0.01928,
      -0.021013,
      -0.022633,
      -0.022784,
      -0.021088,
      -0.02764,
      -0.029568,
      -0.033992,
      -0.035284,
      -0.045883,
      -0.061537,
      -0.080195,
      -0.101173,
      -0.123689,
      -0.11729
    ],
    [
      -0.119924,
      -0.111914,
      -0.088582,
      -0.0548,
      -0.027615,
      -0.024565,
      -0.025917,
      -0.007073,
      -0.00285,
      -0.027911,
      -0.013347,
      -0.015567,
      -0.018242,
      -0.018374,
      -0.027494,
      -0.033184,
      -0.043368,
      -0.056864,
      -0.073957,
      -0.095013,
      -0.112552,
      -0.110767
    ],
    [
      -0.109604,
      -0.102452,
      -0.083374,
      -0.038004,
      -0.027185,
      -0.029067,
      -0.028461,
      -0.016011,
      -0.013265,
      -0.015063,
      -0.005653,
      -0.004073,
      -0.006219,
      -0.009647,
      -0.019608,
      -0.030407,
      -0.046261,
      -0.056375,
      -0.078478,
      -0.099777,
      -0.115308,
      -0.104277
    ],
    [
      -0.104437,
      -0.095602,
      -0.083249,
      -0.032951,
      -0.031451,
      -0.029085,
      -0.025937,
      -0.004231,
      -0.00577,
      -0.015989,
      -0.019281,
      -0.008232,
      -0.010563,
      -0.014753,
      -0.029953,
      -0.027557,
      -0.048443,
      -0.057095,
      -0.07792,
      -0.092656,
      -0.104002,
      -0.100443
    ],
    [
      -0.093987,
      -0.090962,
      -0.06737,
      -0.025039,
      -0.029739,
      -0.025581,
      -0.014015,
      -0.017708,
      -0.003151,
      -0.001567,
      -0.012682,
      -0.010456,
      0.002476,
      -0.004021,
      -0.023502,
      -0.025722,
      -0.049917,
      -0.061242,
      -0.08491,
      -0.098995,
      -0.105494,
      -0.092731
    ],
    [
      -0.090974,
      -0.085632,
      -0.069185,
      -0.018819,
      -0.022221,
      -0.018492,
      -0.008241,
      -0.004829,
      -0.002578,
      -0.002897,
      -0.007155,
      -0.008264,
      0.007081,
      -0.011833,
      -0.010812,
      -0.018051,
      -0.056272,
      -0.053303,
      -0.078691,
      -0.086089,
      -0.089638,
      -0.087472
    ],
    [
      -0.084643,
      -0.086433,
      -0.056113,
      -0.020224,
      -0.030255,
      -0.020608,
      -0.006455,
      -0.000715,
      -0.004952,
      -0.002276,
      0.000999,
      -0.001485,
      -0.000734,
      -0.011431,
      -0.020608,
      -0.029758,
      -0.062999,
      -0.059587,
      -0.081311,
      -0.091088,
      -0.094131,
      -0.081901
    ],
    [
      -0.084366,
      -0.084168,
      -0.064185,
      -0.023123,
      -0.022108,
      -0.01863,
      -0.014103,
      0.000794,
      -0.004784,
      -0.014372,
      -0.00355,
      0.004086,
      -0.011261,
      -0.027806,
      -0.016891,
      -0.028448,
      -0.056226,
      -0.062088,
      -0.068479,
      -0.076524,
      -0.084691,
      -0.084074
    ],
    [
      -0.090387,
      -0.08468,
      -0.062838,
      -0.029286,
      -0.029392,
      -0.028285,
      -0.001687,
      -0.000879,
      -0.009176,
      0.006874,
      -0.00035,
      -0.002597,
      -0.012552,
      -0.011248,
      -0.023004,
      -0.041888,
      -0.068391,
      -0.071454,
      -0.073415,
      -0.085801,
      -0.092568,
      -0.079748
    ],
    [
      -0.093445,
      -0.091583,
      -0.070029,
      -0.03889,
      -0.033577,
      -0.033869,
      -0.010886,
      -0.010308,
      -0.020004,
      -0.005867,
      -0.006296,
      -0.017174,
      -0.025682,
      -0.032209,
      -0.015907,
      -0.042915,
      -0.072933,
      -0.074668,
      -0.068441,
      -0.084766,
      -0.090524,
      -0.087294
    ],
    [
      -0.101188,
      -0.096326,
      -0.064761,
      -0.040866,
      -0.029695,
      -0.028619,
      -0.021585,
      -0.020029,
      -0.024619,
      -0.005213,
      -0.010415,
      -0.01541,
      -0.022891,
      -0.033554,
      -0.034093,
      -0.060495,
      -0.082681,
      -0.088413,
      -0.074117,
      -0.099884,
      -0.103955,
      -0.094872
    ],
    [
      -0.109038,
      -0.104704,
      -0.085377,
      -0.048879,
      -0.060541,
      -0.050996,
      -0.04003,
      -0.027146,
      -0.023158,
      -0.015201,
      -0.010188,
      -0.015208,
      -0.035163,
      -0.041637,
      -0.046335,
      -0.072518,
      -0.079379,
      -0.093326,
      -0.085469,
      -0.087216,
      -0.103476,
      -0.103345
    ],
    [
      -0.117617,
      -0.113196,
      -0.088568,
      -0.0668,
      -0.069549,
      -0.056816,
      -0.05434,
      -0.034741,
