{
  "timestamp": 1780290433.9849124,
  "layer_z": 6.4,
  "current_z": 6.8,
  "file_path": "/home/pii/printer_data/gcodes/3D-printable_sand_play_set_Small_Showel_By_CT3D.xyz__0.2mm_PLA_Generic ToolChanger Printer_46m30s.gcode",
  "file_position": 2431273,
  "file_name": "3D-printable_sand_play_set_Small_Showel_By_CT3D.xyz__0.2mm_PLA_Generic ToolChanger Printer_46m30s.gcode",
  "gcode_position": [
    123.033,
    214.303,
    6.8,
    438.4221899999968
  ],
  "base_position": [
    0.0,
    0.0,
    0.0,
    410.6204399999974
  ],
  "homing_position": [
    0.0,
    0.0,
    0.0,
    0.0
  ],
  "speed": 350.0,
  "speed_factor": 1.0,
  "extrude_factor": 1.0,
  "absolute_coord": true,
  "absolute_extrude": false,
  "toolhead_position": [
    123.033,
    214.303,
    6.774161572506473,
    438.4221899999968
  ],
  "active_extruder": "extruder",
  "current_lane": "lane0",
  "extruder_temps": {
    "heater_bed": 55.0,
    "extruder": 220.0,
    "extruder1": 0.0,
    "extruder2": 0.0,
    "extruder3": 0.0,
    "extruder4": 0.0,
    "extruder5": 0.0
  },
  "pressure_advance": {
    "extruder": 0.0214,
    "extruder1": 0.032,
    "extruder2": 0.032,
    "extruder3": 0.032,
    "extruder4": 0.032,
    "extruder5": 0.032
  },
  "bed_temp": 55.0,
  "bed_mesh_profile": "plr_recovery",
  "bed_mesh_points": [
    [
      -0.117809,
      -0.096144,
      -0.084987,
      -0.060056,
      -0.050725,
      -0.036251,
      -0.036685,
      -0.024341,
      -0.016885,
      -0.014092,
      -0.015203,
      -0.015336,
      -0.013833,
      -0.018337,
      -0.01509,
      -0.026905,
      -0.037068,
      -0.038463,
      -0.053505,
      -0.066142,
      -0.084739,
      -0.095787
    ],
    [
      -0.101729,
      -0.095802,
      -0.078945,
      -0.066391,
      -0.0356,
      -0.032649,
      -0.035468,
      -0.024376,
      -0.02525,
      -0.018258,
      -0.019849,
      -0.016843,
      -0.017092,
      -0.018715,
      -0.018087,
      -0.02886,
      -0.03558,
      -0.044674,
      -0.063425,
      -0.073765,
      -0.098709,
      -0.104526
    ],
    [
      -0.105264,
      -0.097286,
      -0.073865,
      -0.067655,
      -0.035414,
      -0.039837,
      -0.027044,
      -0.025177,
      -0.020392,
      -0.01355,
      -0.015921,
      -0.018038,
      -0.018127,
      -0.023402,
      -0.027888,
      -0.032219,
      -0.03839,
      -0.047816,
      -0.061773,
      -0.077308,
      -0.102492,
      -0.108452
    ],
    [
      -0.106023,
      -0.082633,
      -0.078275,
      -0.050772,
      -0.041621,
      -0.015768,
      -0.018418,
      -0.02668,
      -0.025583,
      -0.015375,
      -0.023915,
      -0.019981,
      -0.021381,
      -0.025579,
      -0.030517,
      -0.035396,
      -0.040135,
      -0.052198,
      -0.070771,
      -0.086703,
      -0.108159,
      -0.113295
    ],
    [
      -0.107867,
      -0.094326,
      -0.072405,
      -0.054887,
      -0.026323,
      -0.031917,
      -0.020031,
      -0.019,
      -0.011863,
      -0.013986,
      -0.017224,
      -0.015204,
      -0.020511,
      -0.023475,
      -0.029336,
      -0.034296,
      -0.040452,
      -0.052355,
      -0.067709,
      -0.084902,
      -0.106684,
      -0.108706
    ],
    [
      -0.100504,
      -0.093924,
      -0.061731,
      -0.051276,
      -0.021719,
      -0.037102,
      -0.016892,
      -0.012934,
      -0.014032,
      -0.018191,
      -0.019634,
      -0.020398,
      -0.025138,
      -0.0242,
      -0.030126,
      -0.035763,
      -0.042896,
      -0.058318,
      -0.076796,
      -0.092683,
      -0.109809,
      -0.103977
    ],
    [
      -0.101865,
      -0.087519,
      -0.073983,
      -0.029317,
      -0.009433,
      -0.008808,
      -0.012636,
      0.010856,
      0.004587,
      -0.014032,
      -0.010749,
      -0.012293,
      -0.018636,
      -0.017402,
      -0.027388,
      -0.033517,
      -0.039409,
      -0.050883,
      -0.070505,
      -0.084699,
      -0.097549,
      -0.098883
    ],
    [
      -0.091764,
      -0.080299,
      -0.06571,
      -0.025682,
      -0.005606,
      -0.00721,
      -0.017775,
      -6e-05,
      0.000297,
      -0.018369,
      -0.013767,
      -0.013456,
      -0.009093,
      -0.015441,
      -0.027358,
      -0.033576,
      -0.035104,
      -0.056429,
      -0.076834,
      -0.085986,
      -0.100543,
      -0.095194
    ],
    [
      -0.090666,
      -0.078622,
      -0.069999,
      -0.018105,
      -0.022529,
      -0.022437,
      -0.019824,
      -0.006068,
      -0.007263,
      -0.0198,
      -0.020355,
      -0.007393,
      -0.010434,
      -0.012086,
      -0.030284,
      -0.018292,
      -0.03322,
      -0.051153,
      -0.073887,
      -0.083036,
      -0.093948,
      -0.089491
    ],
    [
      -0.076902,
      -0.074859,
      -0.050017,
      -0.010196,
      -0.020614,
      -0.013661,
      -0.012034,
      -0.012258,
      -0.008623,
      -0.007681,
      -0.007275,
      0.001968,
      -0.010652,
      -0.004995,
      -0.014661,
      -0.015104,
      -0.047343,
      -0.053822,
      -0.078373,
      -0.089158,
      -0.091894,
      -0.085977
    ],
    [
      -0.076895,
      -0.067847,
      -0.056667,
      -0.006841,
      -0.015183,
      -0.011829,
      -0.001934,
      -0.003066,
      -0.007277,
      0.002001,
      -0.007844,
      -0.004482,
      -0.006288,
      0.006118,
      -0.013979,
      -0.012279,
      -0.050022,
      -0.047072,
      -0.073176,
      -0.079281,
      -0.079549,
      -0.077561
    ],
    [
      -0.068541,
      -0.069036,
      -0.040837,
      -0.005637,
      -0.02057,
      -0.014696,
      0.007761,
      0.006643,
      -0.001639,
      0.006854,
      -0.002011,
      -0.001052,
      -0.005496,
      0.004515,
      -0.01794,
      -0.031818,
      -0.060632,
      -0.050081,
      -0.073486,
      -0.078256,
      -0.082572,
      -0.073845
    ],
    [
      -0.070291,
      -0.062054,
      -0.054076,
      -0.009037,
      -0.008193,
      -0.012007,
      0.000314,
      0.00584,
      -0.00254,
      -0.011531,
      -0.001212,
      0.004389,
      -0.008642,
      -0.021581,
      -0.016535,
      -0.027761,
      -0.05029,
      -0.0563,
      -0.062584,
      -0.06843,
      -0.070684,
      -0.073839
    ],
    [
      -0.070221,
      -0.066905,
      -0.046614,
      -0.014967,
      -0.018886,
      -0.021256,
      0.003196,
      0.005209,
      -0.003944,
      -0.004571,
      0.008798,
      0.001713,
      -0.011795,
      -0.024047,
      -0.014767,
      -0.039279,
      -0.063076,
      -0.065618,
      -0.066567,
      -0.076343,
      -0.07797,
      -0.071929
    ],
    [
      -0.078917,
      -0.071285,
      -0.053067,
      -0.025802,
      -0.020388,
      -0.02372,
      -0.00259,
      0.000479,
      -0.022361,
      -0.004087,
      0.002594,
      -0.011465,
      -0.030112,
      -0.025384,
      -0.017643,
      -0.033543,
      -0.063887,
      -0.066906,
      -0.057767,
      -0.073878,
      -0.074837,
      -0.076452
    ],
    [
      -0.082993,
      -0.082051,
      -0.048327,
      -0.024298,
      -0.019297,
      -0.019327,
      -0.013066,
      -0.0069,
      -0.019842,
      0.008439,
      0.003998,
      -0.011804,
      -0.01657,
      -0.032536,
      -0.031318,
      -0.05951,
      -0.081162,
      -0.07921,
      -0.06407,
      -0.086017,
      -0.088454,
      -0.084459
    ],
    [
      -0.092915,
      -0.080845,
      -0.065539,
      -0.036158,
      -0.044841,
      -0.037522,
      -0.028575,
      -0.012842,
      -0.032577,
      -0.003863,
      0.003052,
      -0.007254,
      -0.029823,
      -0.043852,
      -0.034676,
      -0.054522,
      -0.082729,
      -0.084516,
      -0.076555,
      -0.075289,
      -0.087532,
      -0.088989
    ],
    [
      -0.097654,
      -0.091465,
      -0.075113,
      -0.045217,
      -0.049823,
      -0.043687,
      -0.044813,
      -0.006536,
      -0.011699,
      0.00362,
